{
  "employees": [
    {
      "id": 1,
      "fullName": "Lê Đình Quốc",
      "position": "Nhân Viên",
      "academicLevel": "Đại Học",
      "part": "Kinh Doanh",
      "dateOfBirth": "01/06/1993",
      "IDnumber": "201647394",
      "salary": "9 củ",
      "email": "elvisle93@gmail.com",
      "phone": "0985634701",
      "address": "Thank Khê - Đà Nẵng"
    },
    {
      "id": 2,
      "fullName": "Nguyễn Phú Quý",
      "position": "Nhân Viên",
      "academicLevel": "Đại Học",
      "part": "Kinh Doanh",
      "dateOfBirth": "01/06/1996",
      "IDnumber": "201647394",
      "salary": "900 củ",
      "email": "elvisle93@gmail.com",
      "phone": "0985634701",
      "address": "Nam Ô - Đà Nẵng"
    },
    {
      "id": 3,
      "fullName": "Nguyễn Duy Vũ",
      "position": "Nhân Viên",
      "academicLevel": "Đại Học",
      "part": "Kinh Doanh",
      "dateOfBirth": "01/06/1996",
      "IDnumber": "201647394",
      "salary": "100 củ",
      "email": "elvisle93@gmail.com",
      "phone": "0985634701",
      "address": "Ngũ Hành Sơn - Đà Nẵng"
    }
  ],
  "customer": [
    {
      "id": 1,
      "fullName": "Trần Minh Triều",
      "email": "tmt1991@gmail.com",
      "phone": "0983554774"
    },
    {
      "id": 2,
      "fullName": "Bùi Đức Hoàng",
      "email": "bdh1991@gmail.com",
      "phone": "0977421456"
    }
  ]
}